{
    "avg_prec": 0.5263633557696019,
    "roc_auc": 0.9535782454999102
}